{"dobra":0,"SI-SDR_media_foreground_background_media":4.3755357155,"foreground.SI-SDR_media":2.1105186283,"background.SI-SDR_media":6.6405527907,"SI-SDR_media_foreground_background_std":2.5659533086,"foreground.SI-SDR_std":3.2308285115,"background.SI-SDR_std":3.9569164629,"SI-SDR_media_foreground_background_var":6.5841163821,"foreground.SI-SDR_var":10.4382528705,"background.SI-SDR_var":15.6571878944,"SI-SDR_media_foreground_background_min":-1.242713213,"foreground.SI-SDR_min":-4.149651887,"background.SI-SDR_min":-4.7582362908,"SI-SDR_media_foreground_background_max":9.5285272598,"foreground.SI-SDR_max":9.1865782649,"background.SI-SDR_max":12.6815080409}
{"dobra":1,"SI-SDR_media_foreground_background_media":4.0372754088,"foreground.SI-SDR_media":1.9596622145,"background.SI-SDR_media":6.1148885492,"SI-SDR_media_foreground_background_std":2.9778403008,"foreground.SI-SDR_std":3.6641332923,"background.SI-SDR_std":4.7485571811,"SI-SDR_media_foreground_background_var":8.8675328571,"foreground.SI-SDR_var":13.4258727838,"background.SI-SDR_var":22.5487953023,"SI-SDR_media_foreground_background_min":-2.5050060749,"foreground.SI-SDR_min":-4.9653317511,"background.SI-SDR_min":-7.9575076057,"SI-SDR_media_foreground_background_max":11.3834056854,"foreground.SI-SDR_max":10.3628995239,"background.SI-SDR_max":16.1920706786}
{"dobra":2,"SI-SDR_media_foreground_background_media":4.6501455547,"foreground.SI-SDR_media":2.5992665031,"background.SI-SDR_media":6.7010246033,"SI-SDR_media_foreground_background_std":1.9612477504,"foreground.SI-SDR_std":3.1667632679,"background.SI-SDR_std":3.2345524098,"SI-SDR_media_foreground_background_var":3.8464927385,"foreground.SI-SDR_var":10.0283895951,"background.SI-SDR_var":10.4623292916,"SI-SDR_media_foreground_background_min":0.0539355837,"foreground.SI-SDR_min":-4.7677209741,"background.SI-SDR_min":-1.5916518774,"SI-SDR_media_foreground_background_max":8.7377967834,"foreground.SI-SDR_max":7.971859052,"background.SI-SDR_max":13.8997478968}
{"dobra":3,"SI-SDR_media_foreground_background_media":4.0103146231,"foreground.SI-SDR_media":2.0321361364,"background.SI-SDR_media":5.9884931509,"SI-SDR_media_foreground_background_std":5.1381719716,"foreground.SI-SDR_std":3.0025879177,"background.SI-SDR_std":10.0810263654,"SI-SDR_media_foreground_background_var":26.4008112096,"foreground.SI-SDR_var":9.0155342037,"background.SI-SDR_var":101.6270925807,"SI-SDR_media_foreground_background_min":-26.1467514038,"foreground.SI-SDR_min":-3.9688174616,"background.SI-SDR_min":-58.1756143749,"SI-SDR_media_foreground_background_max":13.1242828369,"foreground.SI-SDR_max":10.301431522,"background.SI-SDR_max":15.9471351036}
{"dobra":4,"SI-SDR_media_foreground_background_media":4.455553219,"foreground.SI-SDR_media":1.1236741177,"background.SI-SDR_media":7.7874322989,"SI-SDR_media_foreground_background_std":2.553998053,"foreground.SI-SDR_std":3.4689712283,"background.SI-SDR_std":3.4027169922,"SI-SDR_media_foreground_background_var":6.5229060548,"foreground.SI-SDR_var":12.0337613829,"background.SI-SDR_var":11.5784829288,"SI-SDR_media_foreground_background_min":-2.1695113182,"foreground.SI-SDR_min":-10.9447348199,"background.SI-SDR_min":-1.1756334702,"SI-SDR_media_foreground_background_max":12.6761903763,"foreground.SI-SDR_max":9.7694334766,"background.SI-SDR_max":15.5829468263}
