{"dobra":0,"SI-SDR_media_fg_bg_media":-6.3694637456,"foreground.SI-SDR_media":-3.3184183403,"background.SI-SDR_media":8.1894120136,"SI-SDR_media_fg_bg_std":25.9746889699,"foreground.SI-SDR_std":16.9980244592,"background.SI-SDR_std":4.0854611337,"SI-SDR_media_fg_bg_var":674.6844670851,"foreground.SI-SDR_var":288.9328355161,"background.SI-SDR_var":16.6909926747,"SI-SDR_media_fg_bg_min":-82.2811431885,"foreground.SI-SDR_min":-73.5078302013,"background.SI-SDR_min":0.3681786047,"SI-SDR_media_fg_bg_max":8.5220994949,"foreground.SI-SDR_max":6.620285444,"background.SI-SDR_max":18.6033439783}
{"dobra":1,"SI-SDR_media_fg_bg_media":-1.2236623999,"foreground.SI-SDR_media":-2.0200693737,"background.SI-SDR_media":9.1096096301,"SI-SDR_media_fg_bg_std":17.7101951312,"foreground.SI-SDR_std":9.7923192115,"background.SI-SDR_std":4.989666587,"SI-SDR_media_fg_bg_var":313.6510115856,"foreground.SI-SDR_var":95.8895155399,"background.SI-SDR_var":24.8967726494,"SI-SDR_media_fg_bg_min":-76.3104095459,"foreground.SI-SDR_min":-52.6349112953,"background.SI-SDR_min":-0.8226627494,"SI-SDR_media_fg_bg_max":9.5728750229,"foreground.SI-SDR_max":5.8698170431,"background.SI-SDR_max":24.5020477994}
{"dobra":2,"SI-SDR_media_fg_bg_media":2.1722872207,"foreground.SI-SDR_media":-1.0848253109,"background.SI-SDR_media":8.8781468613,"SI-SDR_media_fg_bg_std":12.3978149326,"foreground.SI-SDR_std":11.6985338584,"background.SI-SDR_std":4.2987335481,"SI-SDR_media_fg_bg_var":153.7058151037,"foreground.SI-SDR_var":136.8556944367,"background.SI-SDR_var":18.4791101179,"SI-SDR_media_fg_bg_min":-72.6374359131,"foreground.SI-SDR_min":-60.3242401262,"background.SI-SDR_min":1.9181072412,"SI-SDR_media_fg_bg_max":11.1637268066,"foreground.SI-SDR_max":6.5475163137,"background.SI-SDR_max":21.7153085415}
{"dobra":3,"SI-SDR_media_fg_bg_media":-3.2334146624,"foreground.SI-SDR_media":-0.317151868,"background.SI-SDR_media":8.1356871794,"SI-SDR_media_fg_bg_std":23.0000860961,"foreground.SI-SDR_std":9.1459054073,"background.SI-SDR_std":4.8147367992,"SI-SDR_media_fg_bg_var":529.003960428,"foreground.SI-SDR_var":83.6475857189,"background.SI-SDR_var":23.1816904459,"SI-SDR_media_fg_bg_min":-83.2265625,"foreground.SI-SDR_min":-53.5076045667,"background.SI-SDR_min":1.9561842418,"SI-SDR_media_fg_bg_max":10.0668516159,"foreground.SI-SDR_max":8.4566002697,"background.SI-SDR_max":29.4293646934}
{"dobra":4,"SI-SDR_media_fg_bg_media":4.1229055483,"foreground.SI-SDR_media":0.7414992261,"background.SI-SDR_media":7.5043118037,"SI-SDR_media_fg_bg_std":5.1719810044,"foreground.SI-SDR_std":10.2976117096,"background.SI-SDR_std":3.4779314698,"SI-SDR_media_fg_bg_var":26.7493875103,"foreground.SI-SDR_var":106.0408069219,"background.SI-SDR_var":12.0960073087,"SI-SDR_media_fg_bg_min":-22.4691143036,"foreground.SI-SDR_min":-61.3816603417,"background.SI-SDR_min":-0.8614670336,"SI-SDR_media_fg_bg_max":10.299202919,"foreground.SI-SDR_max":8.7077474667,"background.SI-SDR_max":16.4434304633}
