{"dobra":0,"SI-SDR_media_fg_bg_media":-1.1244591963,"foreground.SI-SDR_media":-2.9637497705,"background.SI-SDR_media":10.5539628159,"SI-SDR_media_fg_bg_std":18.1354278568,"foreground.SI-SDR_std":14.7062356726,"background.SI-SDR_std":6.6414333749,"SI-SDR_media_fg_bg_var":328.8937435508,"foreground.SI-SDR_var":216.2733676567,"background.SI-SDR_var":44.1086372732,"SI-SDR_media_fg_bg_min":-68.6906585693,"foreground.SI-SDR_min":-61.0985984314,"background.SI-SDR_min":2.215256538,"SI-SDR_media_fg_bg_max":12.0214748383,"foreground.SI-SDR_max":8.4331737768,"background.SI-SDR_max":31.6934912139}
{"dobra":1,"SI-SDR_media_fg_bg_media":-2.938117174,"foreground.SI-SDR_media":-6.3931063611,"background.SI-SDR_media":10.0525310149,"SI-SDR_media_fg_bg_std":17.762433741,"foreground.SI-SDR_std":19.1772678907,"background.SI-SDR_std":8.2784976504,"SI-SDR_media_fg_bg_var":315.5040524051,"foreground.SI-SDR_var":367.7676037505,"background.SI-SDR_var":68.5335233484,"SI-SDR_media_fg_bg_min":-71.0223617554,"foreground.SI-SDR_min":-83.0679896889,"background.SI-SDR_min":0.7415075957,"SI-SDR_media_fg_bg_max":9.7057952881,"foreground.SI-SDR_max":9.6462302959,"background.SI-SDR_max":36.1736531322}
{"dobra":2,"SI-SDR_media_fg_bg_media":-0.0942995092,"foreground.SI-SDR_media":-3.8411800822,"background.SI-SDR_media":10.4741537517,"SI-SDR_media_fg_bg_std":16.3055283074,"foreground.SI-SDR_std":14.9391770169,"background.SI-SDR_std":5.5618810264,"SI-SDR_media_fg_bg_var":265.870253383,"foreground.SI-SDR_var":223.1790099427,"background.SI-SDR_var":30.9345205521,"SI-SDR_media_fg_bg_min":-73.118347168,"foreground.SI-SDR_min":-62.5880163713,"background.SI-SDR_min":-0.9923013451,"SI-SDR_media_fg_bg_max":9.5195837021,"foreground.SI-SDR_max":7.5495607065,"background.SI-SDR_max":24.4307375455}
{"dobra":3,"SI-SDR_media_fg_bg_media":1.3564320802,"foreground.SI-SDR_media":-2.9535103802,"background.SI-SDR_media":9.0372810315,"SI-SDR_media_fg_bg_std":12.3181062016,"foreground.SI-SDR_std":13.6931643084,"background.SI-SDR_std":4.9328943518,"SI-SDR_media_fg_bg_var":151.7357403945,"foreground.SI-SDR_var":187.5027487759,"background.SI-SDR_var":24.3334466865,"SI-SDR_media_fg_bg_min":-70.6031341553,"foreground.SI-SDR_min":-66.4244811694,"background.SI-SDR_min":0.7617447803,"SI-SDR_media_fg_bg_max":10.736325264,"foreground.SI-SDR_max":8.4731398461,"background.SI-SDR_max":25.7126155458}
{"dobra":4,"SI-SDR_media_fg_bg_media":1.353865283,"foreground.SI-SDR_media":-2.5170503712,"background.SI-SDR_media":8.865805897,"SI-SDR_media_fg_bg_std":13.5253101589,"foreground.SI-SDR_std":14.3377383436,"background.SI-SDR_std":4.2204048128,"SI-SDR_media_fg_bg_var":182.9340148937,"foreground.SI-SDR_var":205.5707408095,"background.SI-SDR_var":17.8118167842,"SI-SDR_media_fg_bg_min":-80.100692749,"foreground.SI-SDR_min":-62.303179981,"background.SI-SDR_min":1.7530720811,"SI-SDR_media_fg_bg_max":11.022439003,"foreground.SI-SDR_max":9.4076388784,"background.SI-SDR_max":26.422101988}
