{"dobra":0,"foreground.SI-SDR_media":-16.1111894912,"foreground.SI-SIR_media":3.2592823429,"foreground.SI-SAR_media":-9.9034476945,"background.SI-SDR_media":-3.6889353475,"background.SI-SIR_media":7.8965119795,"background.SI-SAR_media":10.4971747601,"foreground.SI-SDR":-16.1111894912,"foreground.SI-SIR":3.2592823429,"foreground.SI-SAR":-9.9034476945,"background.SI-SDR":-3.6889353475,"background.SI-SIR":7.8965119795,"background.SI-SAR":10.4971747601,"foreground.SI-SDR_std":13.9877244423,"foreground.SI-SIR_std":13.6760031156,"foreground.SI-SAR_std":22.5257353932,"background.SI-SDR_std":11.2939031266,"background.SI-SIR_std":9.0328065175,"background.SI-SAR_std":24.1523507605,"foreground.SI-SDR_var":195.6564350724,"foreground.SI-SIR_var":187.033061218,"foreground.SI-SAR_var":507.4087550064,"background.SI-SDR_var":127.5522478331,"background.SI-SIR_var":81.5915935825,"background.SI-SAR_var":583.3360472575,"foreground.SI-SDR_min":-42.1523859759,"foreground.SI-SIR_min":-12.9690883848,"foreground.SI-SAR_min":-42.1491765526,"background.SI-SDR_min":-33.052745998,"background.SI-SIR_min":-4.2767938199,"background.SI-SAR_min":-33.0527192285,"foreground.SI-SDR_max":7.5628499358,"foreground.SI-SIR_max":78.2366268859,"foreground.SI-SAR_max":55.9294276082,"background.SI-SDR_max":10.0997173253,"background.SI-SIR_max":45.7864019465,"background.SI-SAR_max":54.8400710023}
{"dobra":1,"foreground.SI-SDR_media":-13.3719132654,"foreground.SI-SIR_media":1.922603091,"foreground.SI-SAR_media":-6.3652161622,"background.SI-SDR_media":-5.6981516533,"background.SI-SIR_media":8.9403878352,"background.SI-SAR_media":3.9989048047,"foreground.SI-SDR":-13.3719132654,"foreground.SI-SIR":1.922603091,"foreground.SI-SAR":-6.3652161622,"background.SI-SDR":-5.6981516533,"background.SI-SIR":8.9403878352,"background.SI-SAR":3.9989048047,"foreground.SI-SDR_std":14.6657777811,"foreground.SI-SIR_std":9.9410964181,"foreground.SI-SAR_std":21.4933034855,"background.SI-SDR_std":12.1541623308,"background.SI-SIR_std":8.9166619258,"background.SI-SAR_std":22.4246325673,"foreground.SI-SDR_var":215.0850379235,"foreground.SI-SIR_var":98.8253979934,"foreground.SI-SAR_var":461.9620947204,"background.SI-SDR_var":147.7236619629,"background.SI-SIR_var":79.5068598987,"background.SI-SAR_var":502.8641457779,"foreground.SI-SDR_min":-47.1798770978,"foreground.SI-SIR_min":-12.2779574416,"foreground.SI-SAR_min":-47.1797349988,"background.SI-SDR_min":-32.5581128621,"background.SI-SIR_min":-9.8714562836,"background.SI-SAR_min":-32.5580903689,"foreground.SI-SDR_max":7.7785017871,"foreground.SI-SIR_max":34.2020701488,"foreground.SI-SAR_max":32.1258288107,"background.SI-SDR_max":11.9570167535,"background.SI-SIR_max":32.4346858034,"background.SI-SAR_max":56.0234660031}
{"dobra":2,"foreground.SI-SDR_media":-10.2923890253,"foreground.SI-SIR_media":0.0233389751,"foreground.SI-SAR_media":-1.2679258718,"background.SI-SDR_media":-8.0341878402,"background.SI-SIR_media":9.6674099994,"background.SI-SAR_media":-1.3476242434,"foreground.SI-SDR":-10.2923890253,"foreground.SI-SIR":0.0233389751,"foreground.SI-SAR":-1.2679258718,"background.SI-SDR":-8.0341878402,"background.SI-SIR":9.6674099994,"background.SI-SAR":-1.3476242434,"foreground.SI-SDR_std":13.6735307946,"foreground.SI-SIR_std":8.0075750507,"foreground.SI-SAR_std":20.5233442556,"background.SI-SDR_std":10.6128296509,"background.SI-SIR_std":9.6235412075,"background.SI-SAR_std":21.4875479003,"foreground.SI-SDR_var":186.9654443901,"foreground.SI-SIR_var":64.121258192,"foreground.SI-SAR_var":421.2076594356,"background.SI-SDR_var":112.632153199,"background.SI-SIR_var":92.6125453725,"background.SI-SAR_var":461.7147147672,"foreground.SI-SDR_min":-47.1388209751,"foreground.SI-SIR_min":-10.4338808063,"foreground.SI-SAR_min":-47.1388027355,"background.SI-SDR_min":-32.0255972589,"background.SI-SIR_min":-5.4211279304,"background.SI-SAR_min":-32.0255960488,"foreground.SI-SDR_max":7.6344036405,"foreground.SI-SIR_max":34.5520237572,"foreground.SI-SAR_max":36.235430776,"background.SI-SDR_max":11.63070807,"background.SI-SIR_max":36.6922965517,"background.SI-SAR_max":82.7734202616}
{"dobra":3,"foreground.SI-SDR_media":-11.582708398,"foreground.SI-SIR_media":-0.2625514061,"foreground.SI-SAR_media":0.0388057398,"background.SI-SDR_media":-11.1502495131,"background.SI-SIR_media":10.1065560094,"background.SI-SAR_media":-2.4639211101,"foreground.SI-SDR":-11.582708398,"foreground.SI-SIR":-0.2625514061,"foreground.SI-SAR":0.0388057398,"background.SI-SDR":-11.1502495131,"background.SI-SIR":10.1065560094,"background.SI-SAR":-2.4639211101,"foreground.SI-SDR_std":13.7713410894,"foreground.SI-SIR_std":10.9818952578,"foreground.SI-SAR_std":23.6133106389,"background.SI-SDR_std":15.7126672305,"background.SI-SIR_std":11.1061563309,"background.SI-SAR_std":25.9382706679,"foreground.SI-SDR_var":189.6498354011,"foreground.SI-SIR_var":120.602023453,"foreground.SI-SAR_var":557.588439329,"background.SI-SDR_var":246.8879114956,"background.SI-SIR_var":123.3467084459,"background.SI-SAR_var":672.7938852416,"foreground.SI-SDR_min":-49.262449218,"foreground.SI-SIR_min":-11.3192341473,"foreground.SI-SAR_min":-49.2620934322,"background.SI-SDR_min":-54.2402982949,"background.SI-SIR_min":-26.8688287575,"background.SI-SAR_min":-54.2323360523,"foreground.SI-SDR_max":27.3620882227,"foreground.SI-SIR_max":65.5703506569,"foreground.SI-SAR_max":51.9554365402,"background.SI-SDR_max":7.0838890062,"background.SI-SIR_max":43.0214963617,"background.SI-SAR_max":45.1764572361}
{"dobra":4,"foreground.SI-SDR_media":-16.8751389638,"foreground.SI-SIR_media":-0.8970107338,"foreground.SI-SAR_media":-9.0074327272,"background.SI-SDR_media":-4.3444129372,"background.SI-SIR_media":7.4843795583,"background.SI-SAR_media":6.572096836,"foreground.SI-SDR":-16.8751389638,"foreground.SI-SIR":-0.8970107338,"foreground.SI-SAR":-9.0074327272,"background.SI-SDR":-4.3444129372,"background.SI-SIR":7.4843795583,"background.SI-SAR":6.572096836,"foreground.SI-SDR_std":12.2439153281,"foreground.SI-SIR_std":8.1621993936,"foreground.SI-SAR_std":24.1987483706,"background.SI-SDR_std":14.708957282,"background.SI-SIR_std":6.2732854403,"background.SI-SAR_std":23.5660848895,"foreground.SI-SDR_var":149.9134625624,"foreground.SI-SIR_var":66.6214989402,"foreground.SI-SAR_var":585.579422705,"background.SI-SDR_var":216.353424324,"background.SI-SIR_var":39.3541102149,"background.SI-SAR_var":555.3603570187,"foreground.SI-SDR_min":-36.2422265173,"foreground.SI-SIR_min":-17.9124697227,"foreground.SI-SAR_min":-36.2421893738,"background.SI-SDR_min":-57.322118599,"background.SI-SIR_min":-4.609539815,"background.SI-SAR_min":-57.322116293,"foreground.SI-SDR_max":3.9057445577,"foreground.SI-SIR_max":19.2018700478,"foreground.SI-SAR_max":64.217459867,"background.SI-SDR_max":8.7062026583,"background.SI-SIR_max":26.6051349016,"background.SI-SAR_max":45.4129338839}
